id,text_clean,toxicity,perspective_toxicity,discrepancia
6t985d,overthinke beta male trait hold back matter long hang around implement principle life matter much growth experience lesson learn every find question fall back always wake call take something keep track sure continue stage growth overthinke problem usually boil asktrp certain situation hold back beta male trait live need learn tame thinking good overthinke bear answer bear ability find problem come afraid make mistake dwell make perfect choice whether text send change boundary create whatever already direction inside need learn touch direction direction instinct masculinity learn listen question later time ignore emotion ignore touch know mean purpose serve tell walk around like little bitch experience feel figure feel purpose serve advantage maybe anxiety mistake excitement maybe fear save show comfort zone learn emotion mean advantage answer live side fear overthinke cause hide fear instead worried perfect text send wait send send text back right away beat need knock shit pill talk woman constantly opposite want mean inner want inner beast want testosterone tell mommy tell take look want send text want approach scary awkward first normal right thing make chuckle whatever head stop take seriously stop afraid fuck cool dude around woman come along freeze head turn serious person sudden fuck deep cool whatever good enough long come root question result comparison goal adjust accordingly student beta come change complete happen still person learn free touch masculinity want along problem cool overthinke every little thing program discover certain could inner beast want would talk normal presence female stupid shit think head last minute stop overthinke tell walk woman even think know right word already feel make happy woman shut mind whatever head always right thing fuck care fuck good interaction people nervous know fuck wing would surprised result woman suppose life matter fuck long congruent masculine energy think perfect succeed learn fail read thing help thing someone else tell guess fella know fuck right thing sure gaylubeoil come tell squawk like chicken woman sure bunch would guess might fucking work think trust trust learn trust like shit test walk beat learn mistake afraid fail learn along mindset want want feel body tell long legal learn thought serving direct purpose solution need listen body quiet thought,0.9725793600082396,0.11336674,0.8592126200082396
7sbq2l,divorce wife firstly exhaustive post already great information read full picture secondly post touch legal remedy lawyer lawyer know thing sure standard advice lawyer exactly tell people know lawyer people profit involve divorce post focus exact opposite lawyer main emphasis post satisfactory result gasp soon wife proceed method divorce wife already make clear want lawyer lawyer last resort criminal allegation many attempt least year speak rationally zero progress need lawyer read post info carefully give curious holler lovely dispense grade legal advice free lawyer wife bona fide sociopath literally wall deal false accusation criminality step need make wife friend need fake make need walk fine line machiavellian genuinely forgive person failure fault fake make depend reason break past relationship could break infinite number category approach largely situation apart minor variation mantra common scenario predominantly hapless beta gradually become wife tell love love find fuck dude commence emotional affair point hamster busily justify happily throw avoid feel responsibility whatsoever suck chad dick abandon morality tingle care child anything else planet primordial desire murder kick even think anything wrong gaslight make fake allegation police family friend social circle literally anything like adult accept responsibility time raise voice become evidence long relationship abuse hard part even though either pillow clutch childhood teddy bear seethe rage need swallow emotion proceed actually anything wrong step need shit like relationship date appear relationship course good time together great partner love mother want move forward want easy possible want hard earn money pocket greedy lawyer adult need like adult talk mantra worthless whore give shit past anything like stoic hold line keep repeat phrase certain escape responsibility action need turn friend ally sake money couple small amendment minority visit actually catch fuck around wife fall sword rage threaten abuse take like scalded admit everything give every opportunity scream hysterically fact seek opportunity vent tell fault even frigid dragon hell accept responsibility thing deny false criminal allegation false allegation abuse even rage system never attempt offer excuse allow selfish demon spawn cock control rational mind option essentially absolve responsibility need introspection scenario forgive want move like adult good hard finance scenario fall sword blame anything modus operandi stick mantra need move position past behind position alliance temporary alliance allow file consent order family court permanent alliance mutually decide good deal money feeling absolutely fucking irrelevant give fuck feeling court government give fuck feeling give fuck feeling achieve goal obtain form existential justice stupid fault marry anyway marriage abomination human monogamous step three must establish regular friendly communicate achieve good outcome issue coffee even dinner friendly even enjoyable time discuss awesome help problem anything else come normal discussion adult next step everything telephone keep civil ideally step face face communication thirdly least desirable outcome stick write email text advantage early hostile stage often first three step stick step butthurt little bitch sociopath either fault marry stfu rocket science remove emotion issue thing fall place pretty naturally love check like money check earth would anyone lawyer except punish person child know plenty woman think divorce opportunity extract maximum revenge child money husband plenty lawyer tell exactly many people waste thousand dollar essentially punish even harden lawyer often astounded much people willing spend petty grievance people make ally sure hell become enemy take pick destroy enemy make friend abraham lincoln finally already start legal proceeding make fake criminal allegation restraining order likely option need revert standard advice lawyer even change mind need talk lawyer cost dollar hour communication like adult sort avoid mediation conciliation well interim step lawyer need someone adult talk option everyone definitely good option wife keep state life,0.9679332375526428,0.11212669,0.8558065475526428
ataxrn,bull clocking,0.9461164474487304,0.11161,0.8345064474487304
qagt13,year male many thing unsuccessful attempt girlfriend even sildenafil tadalafil read dosage amount correctly take together time doctor specialist work probably continue work sometimes keep increase dose tolerance seemingly keep grow sildenafil alone make rock solid year supplement zinc korean ginseng citrulline maca yohimbe probably think shockwave therapy spend overweight cardio avid runner least time week weightlift least time week squat deadlift bench pull much crisp form testosterone test smoke stop watch porn wonder past history watch porn masturbating leave permanent damage seriously consider injection maybe purchase shockwave device nothing lose money make decent money want fucking dick working fuck write know people response probably fruitless nearly everything fucking desperate anyone help everything else life well except want normal goddamn life,0.9901241660118104,0.15600902,0.8341151460118104
ld89ap,want tell everyone perfect everyone assymetry cause various factor beautiful handsome people assymetry many research show fully symmetrical face attractive model assymetrical attractive,0.9406880140304564,0.11450345,0.8261845640304564
11bfygo,roscoe recap season episode guest kandy muse willam dida ritz first roscoe since premiere without queen guest mean less behind scene usual willam late laila mcqueen audience dida ritz makeup dida wish vegas revue instead real friend weho willam hear girl steal drive idaho trade unclear talk vegas show friend weho todrick hall guest late race chaser episode willam confirm idea alaska alaska watch friend weho willam episode alaska like give everyone fair chance dida ritz watch friend weho accord willam todrick people batty commend anetra choose lipsync sasha last week challenge despite lipsynce default kandy would pick spice lipsync lipsync smackdown girl think luxx hair ball runway look exactly like naomi vegas revue promo sasha anetra mistress guest favourite week least favourite salina kandy root mistress kandy forget critique kandy fuck michelle michelle kiss defence spice naysha think michelle critique spice bullshit loosey bottom think production want spice leave week kandy loosey need bottom every single week loosey want prove great every single week loosey lipsync dida predict salina loosey dida care marcia batty annoy much white marcia wear kandy crowd spice eliminate willam lipsync song call want want girl agree weird song kandy completely disagree salina lipsync dida want speak word lipsync film season kandy meet sugar spice house party hole ramble happen film minute willam alternate covid dida pickle juice floor snatch game bottom crazy rupaul tell girl shut fuck accord willam kandy talk week like give fucking cause know send home cause leave multiple time would queen talk jaremi upcoming appearance house villain willam almost cast finally beat bitch fuck dida fuck qween disrespect make quiet many year know imma fuck hope good life queen massage pedicure willam steven corfe producer untucked season become showrunner fuck employee promote slut sham hire willam revisit willam drama millionth time spill anything dida next door willam hotel dida dragcon girl dragcon people uplift feel like uplift kandy lawyer filming lawyer tell kandy could mention horse tranquilizer ingredient special drink brand challenge mention warm milk instead host kara ville birthday cake stage kandy original idea ball alaska inspire trash moment collabe alone song kandy terrible back material table plaid create shape outfit symone fuck ugly offer book kandy finished look kandy know word fancy film ball accord willam queen allow outfit filming raja even back house stuff surely breach production covid rule kandy want bring back interior illusion lounge gold untucked crowd cheer agree untucked boring kandy wanna hear girl happy drag race think show become self aware care fight dida would absolutely back star kandy drag race france skyrocket drag scene france kandy want host drag race dominican republic want acronym drdr billy judge give constructive critique accord dida dida billy even speak girl show makeup styling queen salmon steak film promo time good food season logo dida feel like loosey understand lane drag lane good stay lane good time really great campy drag queen next week guest malasyia babydoll foxx kennedy davenport kornbread snack jete link week roscoe view party youtube roscoe recap roscoe recap roscoe recap roscoe recap roscoe recap,0.9215741753578186,0.112746716,0.8088274593578186
1fovn4w,cash become house poor throwaway account wife decide home annual household income taxis live heavily country income expense large family happily support extend family disability typically save year currently liquid asset last month dream house offer private deal house perfect probably home street think upgrade house would range balk would require pull liquid asset purchase home wife want pull trigger sure part think could live comfortably home half price leave rest money grow nice inheritance part think fuck live might well live dream house would advice would appreciate,0.8777493834495544,0.08874765,0.7890017334495545
kjt01n,angry people right shake today strong brave beautiful wife come home hospital work ward nurse tell story take patient know know personal basis outside wall hospital work transfer back city hospital come back cancer patient major surgery remove cancerous tumour abdomen recover enough able come hometown hospital look forward release spend time family sick covid catch hospital surgery transfer back city hospital need care probably come home fight hard cancer month endure incredibly invasive painful surgery smoke strong enough fight covid probably listen listen good fucking covid deny fuck tell wife tell tear foot push hall patient transfer tell scared back city scared alone tell fear break heart whole time damage irresponsible fuck cause refuse wear mask refuse keep distance refuse gather cause needless death like people like brave wife risk catch transmit family endless amount stress worry grow fuck political merry fucking christmas,0.997150719165802,0.21241048,0.784740239165802
jbo688,need talk conservative trillion price green deal truly incredible buckle appear figure originate report generate conservative think tank american action forum highly recommend read also contrast green deal actually read page first people keep assert price year actually cost plan year plus trillion round report actual figure trillion know casual rounding error enough fund entire department education next year second trillion upper range every price give standard stuff guess keep mind range almost half high range around trillion terribly precise range literally twice size third advocate every american access high quality health care literally single line bill course report interpret institute medicare cost cost trillion year definitely high side estimate least totally bound guess estimate trillion still standard practice fucking cost bill look fourth load shit everyone make less make much fucking government foot bill wage increase company bill government increase minimum wage would raise taxis trillion fuck keep score home tack cost medicare minimum wage increase payer already drop ludicrous figure trillion trillion year math rest trillion year sound like definitely extent keep mind spend nearly trillion military budget every year bring attention simply anytime hear conservative shit cost hundred gazillion billion know number think take anyone seriously least ball park trillion year,0.8836362361907959,0.104795754,0.7788404821907959
8jzyt7,cliff note primary pointer beginner pointer beginner want write read many newbie post recognize many consistent theme write invite think easy lose vast compendium resource sidebar think might helpful consolidate rudimentary pointer place nothing around reset every important result produce life change everything reset ruminate behavior become repetitive behavior hold grudge count point spouse keep score remember every must must must practice execute effectively early keep read reading recognize futility internal monologue simply fuck reset make count mean mean aware propensity hold grudge morning mean meditate start mean torture body temple brodin mean stay home extra hour spend time family head work even fight night relate resetting every understand level certainty come solely experience much much less attention process hell even know process exist even realize find something amiss still land word time upset something newly aware still blissfully unaware expect kind change recognize futility change rule want race even aware exist aware race push hard push hard time wife think would lose mind time behavior ridiculous time sabotage importantly time lose false mission mission fucking scared fearful know time place next meal assure safety question future unknown think back struggle alive year jesus comparative pussy today collective defense mind surely make much hard many level long need struggle escape dinosaur struggle escape self doubt self defeat behavior cynical spiteful harmful mind spend much time still improve every little little grant special kind hell sometimes make much much challenging need beat easy especially stumble upon place even read post comment still post dude reply understand earnest hard fucking hard everything genuine need regardless whether come regardless whether business succeed fail regardless whether beat huge lesson learn inflict harm anyone else want much control control everything reality control nothing outside feel compel accept responsibility many thing control christ pressure fucking pointless constantly remind even face outcome good phrase normally hate mean mean perseus fuck good enough well fuck good enough every remind fail also succeed naturally hard mother fucker also learn merciful time recognize fast almost assuredly nearly always action action problem identify solution dive solve yesterday even thing amazing post ever boil number take time year pussy okay month absolution year pussy month arguably hard second hard part process next reset know solution believe reading know make happen chance actually thing landscaping project home renovation upgrade executive report management audit finance instead dynamic place year involve human experience likely pathetic else would behavior simply fall place come jesus know home remind often naturally jump almost always negative critique everything step back reflect recognize slow process overboard make wife enemy awaken something familiar mean mean whore mean deadbeat bitch marry woman reason reason lose perhaps hard recollect side whether know long side recognize partnership wife instead individual choose coexist opponent player sport team like double tennis difference important lose site often play reset stop improve comfortable uncomfortable coddling live child time fucking grow know grow hard process often conflict everywhere challenge problem responsibility world thrive chaos long live little bubble start hard conflict uncomfortable progressively easy today enjoy someone write wife crappy behavior shit test enjoy lightbulb please fact stop write please look often please everything email text edit remove apply wife friend employee everyone much easy word leave word universally appreciate everyone sorry able stop quickly easily chiefly read advice observe behavior employee family member find grotesque often sorry stop unless warrant rare addict ultimate solution read interact analyze certainly deepen understanding level solution understand implement strong emphasis implement word many dude hook validation receive bunch anonymous internet stranger clearly spend much time lift believer need trust athlete young high level possible continue work year always harbor mistrust dude lift weight frankly look christ mistake lifting glorious result vain self obsess fuck care anymore whoever drill dumbass shit head likely fatass understand sheer vein spot striation shit treat number take time actually look mirror truth screechhater,0.8700485825538635,0.09568449,0.7743640925538635
goes9x,call talk answer question edit knock reddit award want recognition wrong line work spend money literally anything else donate something need reddit gold edit first quit thread week wise move well hobby secondly clear thing parade people think catch something thing read half dozen place explain thread call landline address phone company know live landline move around much exception voip phone certain type business line give wrong address sometimes phone company incorrect record almost always question verify location actual location fully implement everywhere combination device network center capability support work location call mostly rely cellular network triangulation cell phone location information sometimes location really accurate within meter sometimes basically useless basically equivalent probably somewhere town maybe next sometimes take minute accurate location sometimes right away sometimes standard generally send officer verify address accurate within meter still ground search something like acre remember correctly include kind high rise office apartment shopping center mall parking garage call cell phone count able quickly trace phone especially type keep hang location datum call call back point supervisor need call cell provider ping phone whole time consuming process anyway back regularly schedule rant emergency really stress angry scared someone might otherwise danger maybe neighbor loud want rant complain vent want help perfectly understandable even hold call every mean name book long answer fucking question nothing much mildly annoy couple minute next time phone ring haunt something wrong could necessary information someone hurt help need would answer question every second spend jerk around intentionally otherwise waste time emergency emergency know sure sound like type know know phone work give address give intersection hell give name business stand front road tell help house listen question township tell name county breathe normally fuck sake literally life death tell know want hear hold check otherwise keep hound check trust would really rather next part either literally keep person alive onto question desperate answer question want answer need whole backstory beef neighbor right fucking make call come fast question think would rather right work arrive snore sound mean stop breathe normally agonal breathing damn death rattle holy fuck hang tell something reason outside argue knife weilde crackhead literally reason door lock stop argue dickhead boyfriend outside talk guess really emergency call anyway chase either able help butter cancel cancel cancel holy fuck think siri something sorry accident emergency know fuck send location suspicious activity female caller sound agitated keep repeat word cancel cooperative answer question phase area jesus chris quit pass phone around different people really need hear politic love hate thought trump relevant anything could possibly call aboutp,0.9764854907989502,0.20572066,0.7707648307989502
jqg8sw,support asian male talent vice nsfw preface head post asian male pornstar find work empower write perspective straight asian male common knowledge asian male representation adult film rare keni style prodigious time retire jesh jesh pave recently discover name vice think work great find empower also feel strong urge share work similarly feel empower post couple video post pornhub christy love another karma reason think awesome jack aesthetic figure inspire motivating term body look awesome sexually desire woman find asian male actor porn exactly good look body hand look fuck awesome physical aesthetic inspire achieve maintain high level fitness body remind mike chang pack shortcut video year course porn element acting video genuinely seem woman actually good time genuine attraction people screen empower feel like kinda seem like people would fuck even shoot porno together sometimes watch japanese make porn smoking woman mediocre looking asian dude feeling like well obviously fake happen woman pornstar whereas work actor look like great time everyone seem genuinely attract seem like would fuck anyways even camera porn make make sense hopefully mean screen feel real oppose fantasy anyhow maybe take look support like karma vice nsfw christy love vice nsfw vice,0.886527419090271,0.11739369,0.769133729090271
cyvjyr,call neighbor parent figure parent advice would probably helpful live fairly rural college town currently university majority housing lease college student family live rent college housing quite good deal cheap generally income family live like month bedroom front yard parent family live next good people everyday walk smoke weed drink front small child play yard child look around parent could anywhere heavy facial scarring imagine drug make hard tell town live massive meth heroin problem consider tendency smoke weed drink front swear tell significant front shut fuck simply ignore life mine today however second walk house listen drunk father tell shut fuck right beat shit street want genuinely concerned child wrong anonymously call idea family like aside thing hear walk house class walk grocery store however threat physical violence abandonment openly drink drug front child near constant screaming match parent make concerned child well unreasonable call point would,0.893824577331543,0.12867521,0.7651493673315429
6jnysd,kino hard case newbie hopefully maul moderator want share newbie experience expert mean learn work research million video online weed practice basic fundamental practice every think back parent never show much affection never touch hold hand much remember never fight still happily marry still daily crossword puzzle together activity like kind love grandparent type love hand marriage guess model behavior backfire keep dead bedroom year make boring predictable start apply kino learn concept feel amazing still girl like wife responsive desire respond certain behavior buildup tension overtime girl automatically hard ready fuck disgusted game game wife prime ready build tension mind love tension know body turn badly eventually take anymore fuck game wife build tension push pull kino week search create slut family alpha always touch look back touch wife want night time come mile away know rarely kiss around shoulder pick hold hand guide door proude perfect gentleman never bother always treat respect also never need make point touch every kino always lead keep unpredictable when walk threshold door restaurant lead first hand back guide entrance hand back great move friend double date walk around feel like deal slap everyday playfully especially bonus point asshole punch keep move wait reaction slap everyday almost habit call drive eventually start yesterday already take trash thank simply course slap keep walk touch anytime pass hallway room also fist bump pick spin time pick wall counter kiss sometimes grind always sexual also cheer toast move dinner time glass fuck touch point remind house time want fuck word action also want twin healthy marriage suppose look like model grow course leave sexual drive front gently spanking wife light hearted twirl around like dance pick good move stool kitchen mainly help homework also wife short pull good kino move stool wrap around walk short face talk sometimes index finder jean pull towards maybe little grab kiss stop verbal intercourse spew work kelly bitch work terry also credit listen room pull onto like straddle stool grind cocky saying radio reason start spin around like impromptu dance lesson start dance bonu point pick like little child show strength spin carry different room sofa kiss maybe little grind immediately walk away confidently cocky something though check lead kitchen behind kiss neck slap grind pick edge counter second immediately like nothing cocky playful pass living room finger fuck phone hand graze shoulder walk know tell garage lift pantie back look response eventually flirty would secretly cheat with situation never touchy flirty easy chad would flirt touch different like would cocky playful kino time cycle though never around pissy around time backfire keep undertone something also never shark week least first touch bleed ramp time always fuck never fail night early tell wait pull pantie later night horny take tell wait home fuck hard even send sext color pantie wear couple good kino know touchy feely type person whose social value start increase dread kick night drink make point please trust,0.9436987638473512,0.17891699,0.7647817738473512
zzh3ae,last night unexpected choke piece food could heimlich maneuver slap back still wheeze point start turn blue call keep breathing think much emts show minute later could dislodge obstruction first give paralytic sedative could throat without trigger reflex take lose pulse second manage bring back think epinephrine take think relatively stable though unconscious drug would fine father drive hospital stay behind figure would person clog hospital think might need take turn bedside hospital series five heart attack resuscitate time could maintain pulse call might make wail involuntarily like happen sister rush pick hospital doctor hypoxia likely organ brain damage could tell gentle deliver hopeless prognosis certain sign incompatible life around kiss tell love tell resuscitate next time send bereavement room shortly thereafter call back move long alive goodbye leave hospital without fucking family member cycle tired break fucking believe shit unnecessary keep think back choke terrified must feel part think must scared hope feel relief emts arrive sedate hope last moment scary goodbye forever really suck miss already love miss rest life,0.9637580513954164,0.200795,0.7629630513954164
1fm9935,first experience story share true story happen summer camp tell would much make summer vacation homework class eighth grade everyone sweat math teacher teach algebra bore start tease classmate teacher kick wander around school sport hall senior play tennis need player join good life senior invite play match drive great time play morning bell ring noon friendly gesture give drive happy come home forget remember curious open find video inside take place keypad phone common internet access rich people business owner click mate girl average porn scene hardcore porn even beat quickly realize watch something taboo society want unlock premium version dick idea something thousand question start flood mind like fuck girl dick hole aware breast part female idea girl penis fuck large dick school next senior start laugh tell tell anyone would explain everything explain almost everyone include parent break heart parent thing absence home mother start think father monster thing like mother next tell mother girl marriage listen make feel like mother thing father question bear world small gathering house night family member present watch silently nobody know female miserable uncle monster could world perspective next tell marry come home think never wife pick knife think penis somehow could later tell cousin whole story introduce masturbation kind appreciated month realise thing activity adult marraige adult commit stay forever leave even grow unable moral story inform education soon reach adulthood tell someone else believe tell good still wonder would happen courage scary,0.819061279296875,0.05651112,0.762550159296875
4uv6dr,theory fire customer recently sorcererke make timely post take trash think deal contract part hammer sale contract agree money change hand deliverable meet right product help business right give money also business keep business customer life easy well around mutually benefit relationship nbsp deal ever care future relationship something craigslist case good value right today talk continue value farm relationship business harvest result nbsp customer spend figure technical industry specific machine customize meet specific market niche would make hard sell outside industry industry deliver term order start project take next step prior delivery take call contact answer call front desk patch voicemail week around call contact hope would pick inform problem quite people make call behalf contact person would handle nbsp soon woman call inform long need machine would fact consider machine long story short series email explain already commit machine already money machine expect payment full league realize actually machine finally head engineer call explain happen help nbsp good work relationship company awhile repeat business never problem turn legal regulatory problem catch effort keep relationship alive work good option would deliver first machine hold second charge moderate hold could move machine book year would take delivery second improve cash flow everyone happy nbsp year machine collect dust call polite term phone call head engineer start yammer think want wait another year public think problem nbsp continue impress long relationship billion dollar company future bright builder build huge custom house right closing tell wait year think would wait nbsp well different nbsp nbsp need vendor help flexibility need maintain certain cash flow able respond moment notice market demand nbsp well think great tell fact need know structure deal mutually beneficial nbsp yeah well deal work nbsp point realize long mutual benefit stand fire customer thank thank expect payment full week nbsp walk front desk name able course leave typed letter explain company renege financial business deal would publish letter credit rating agency half million dollar invest machine would sell auction money back unfortunately know come prepare ahead time also send letter corporate council know public kind information could severely hamper process play hardball nbsp customer still billion dollar company still public fact money customer cash front spare part quote equipment payment letter credit fuck huge investment even talk unless show cash money machine fuck know something fuck threaten switch competitor tell cool number good luck nbsp moral story company abuse relationship base past unfortunately become apparent treat like home depot could walk street lowe forget much stake think stake hold coal fact emphasize cost provide value nbsp time time hear story marriage people forget mutually beneficial contract base right woman couple fuck trophy mean take rest life decide love fault nbsp fact fault blue pill time time lazy fuck emotional maturity year come shut fuck respect frankly lucky hard marriage regard business contract surely would terminate meet term marriage still always business relationship supply awesome supply intimacy vendor customer product high value male turn currency emotional physical commitment either meet relationship reevaluate nbsp friend spew shit like deserve customer always right beta bluepill realize time fire customer wife quality treat like another house something feed clean vendor fail turn fuck wallow around house look mommy validation kill motion well deal customer always right nbsp every relationship need mutually beneficial send christmas card black night choose self beneficial relationship term either unsustainable invite crazy really term redpill need sell good every relationship friend wife need evaluate value well time renegotiate fire customer,0.9477435350418092,0.18554166,0.7622018750418091
hxqaqs,last intend break partner tomorrow first work stint nightshift time look child newborn sleep night last night plus several hour catch could today spend whole time great refresh play room majority morning downstairs walk around midday grab lunch dawdle around take forever ready around watch video phone think hope would feed take come living room today excitable watch harry potter sure mind leave room upstairs watch harry potter baby come back hour later need power asleep hour fifteen minute night feed night sleep interruption spend today essentially avoid establish rule regard screen night insist console phone room night know previous post happen take away except inform tell since saturday today keep switch night extra hour nope whole night first night night feed baby week guess sleep fuck play fortnite screaming argue usual ignore undermine pussyfoot around hcbm allow simple rule house actually fucking sleep worry step talk predator online clearly care skid wash brush tooth around baby junk food breakfast lunch dinner unhealthy conscience fixable never,0.9299609065055848,0.17805049,0.7519104165055848
cmkcas,something stalk field outside house serious read please note specific information right paranoid need answer live kentucky backwards rural although live year still extreme amount wood isolated area come beach florida thing different still take adapt surrounding live parent house rural area although next highway necessarily populated area station dollar store minute direction decently rural opinion anyway live acre land yard behind house large acre farm belong farmer keep mind never plant plant plant season anyway enough basic information year live alot weird shit name time ghost hear random noise although alien consider paranormal swear hear high frequency noise light live around mile fort knox could military stuff perhaps road take deep turn well family notice none surround neighbor past around night understand mean always least people night come even single late night party anything nothing people come night think first much notice recently friend would occasionally together around morning back porch smoke joint star gaze good time time would field away would start rustle noise someone underbrush friend high kite would normally laugh hear shreike like noise area needless ever since month ever since mentally fuck constantly worry type wolf something lurk around night assumption night night outside spot compost clean kitchen take scrap food shit dark peaceful mention steel fence around acre property compost back property next fence fence also gate open farm field anyway make compost huge sense unervee feeling erupt around feel like watch stalk dark hell could anything enough visible light outside porch light dump scrap food compost hear exact rustle noise underbrush ballsy feeling jackass teen someone else scare stand still second direction noise start panick take phone pocket shake twice turn flashlight shine direction noise nothing really bush soybean plant something catch reflection stand confused second shine light back reflection holy fucking shit like holy fucking shit maybe foot tall thing crouch soybean plant look right make tear right type quite sure know inside fast could even though asthma horrible fast ever needless come house lock door downstairs basement room window blessing curse hell fucking monstrosity come room pass hell wake last night miss dinner everything else immediately outside spot nothing even walk field maybe berry something nothing walk back house next door neighbor immediately call come ever anything abnormal around reply everyone know include inside nightfall tale hellcat night crawler around grill inside sleep much last night mainly talk friend shit since live near elizabethtown minute away decent size city idea anyway lose word point read thank much time read freak fuck right know could animal thing look nothing like animal ever debate right outside high beam flashlight scan area porch honest shit time please anyone kentucky fill city close louisville hour away location purpose thank read freaked right help greatly appreciate edit know title twice know paranoid hell make error feebly type edit people misconception high thing hear first time second time encounter completely sober alot people speculate whatever could cougar form coyote whenever shine phone flashlight stand bipedal although away could make type animal four strongly believe type creature deform person edit spotlight porch night vision camera depend factor good capture whatever thing around time bind come back edit shit start tell could tell look something wrong explain porch night talk friend hear climbing metal fence could hear footstep gain nope fuck inside span second strange could anything fence foot tall also fence porch well sure normal edit forget farmer land edge land sinkhole connect small cave think literally fall tree stuff sink ground cave open thing live fuck also suggest reply trail right spotlight night night vision camera catch something also take footage layout place know post edit many people message comment would like update reddit however surely update whenever anything happen still week time create another post second edit edit well rest sleep record spot everything take place thank everyone keep good keep touch everyone comment many point reply however note genuinely honest bottom whatever hell thing plan minute video post youtube send link imgur allow second news upload minute long video youtube know sound like wheezy donkey good every detail paranoid worry entire time want anyways everyone could describe edit many mistake good could provide moment link idea quality record equivalent early youtube video apologise think cover basic fact still still much discuss hope post future talk thing edit apparently post delete somehow sure happen anyone delete post know everything alright post back thank everything normal thank edit alot people support give insight thing well many investigator interested keep mind idea long want make post full edit would long read come thing next want thank everyone support well plan night footage upload soon continue keep everyone update thing redditer comment neighbor left hound ironically quiet date sometimes night often begin bark crazy strange think could lead something maybe sense something night encounter fact bark forget mention also something freak fuck ever since last night strange noise describe bird singe except loop distant hear noise last night sound like damn drive today hear follow noise close seem away strange eerie never hear noise like thing entire life third edit edit quite busy today back alot strange reason video upload youtube delete idea information message youtube uploae video keep error idea keep upload video still interested topic hope keep update edit holy fuck okay research county record apparently land farmer government property strange state exactly know almost property government back farmer available government control available like literally unavailable figure post picture city hall records also make crater build somewhere acre control property mean rest around even look like house definitely start wonder sort experiment reason definitely find strange still clue video delete still receive message youtube despite message upload time morning hear anything today strange occurrence outside smoke everything mean everything outside become quiet noise cricket chirping nothing dead silent know mean finish hell inside fourth edit edit quite inactive multiple health issue come doctor today turn severe lung heart issue mean vape occasionally smoke weed every year strange sudden worried health anyway many people comment stuff know respond gain much popularity overwhelmed back receive reply back encounter today notice something however take entirety maybe realize sure creature whatever deal moon sound crazy know begin think whatever thing seem lurk around whenever moon visible either moon visible moon happen three encounter maybe link something fifth edit edit decide remington shotgun legal plus everyone shotgun easy still hear anything strange seem thing quite alot sixth edit edit know interactive last doctor appointment lung specialist soon probably next completely honest scared shitless even outside moment mother call last night porch instant dread feel porch walk basically gate small section open sort balcony thing anyway edge porch hear noise come field stand walk back towards door hear something climb goddamn fence lead farm second time happen mother span month normally talk friend live florida outside private reason make inside fast possible tell idea point work online technical monthly consider waste money food stupid shit time actually need save still wifi trail debate shotgun katana since train year martial plan trap tally week time shitty month work pace nothing type purchase asap video still refuse upload morning make entirely since yard make clear respond message nobody fault simply time respond message really need talk direct message note back comment keep continue post week make another post continued title update link video picture also draw good ability creature look like hopefully actual photo video asap personal theory creature either form goblin alien something call rake look like helli however spell goblin many people suggest also look like alien well look like rake thing idea rake real look google image look exactly like outside material also believe sinkhole great deal situation fact connect cave around february grandfather check place walk small enter assumption personally make sure contact farmer shit normal trespassing sign around property though thing mother lack animal free clear animal live stock outside animal property want chicken goat apparently neighborhood rule neighbor animal strange part neighbor next hound always always inside house night theory reason animal thing creature kill outside animal deer ground animal like racoon basic rural animal maybe bird outside nothing strange opinion people maybe otter never tall otter nearby lake anything entire thing give anxiety week edit edit alright know promise everyone video today shit make since allergy attack today wake rather late morning immediately walk outside around start video neighbor side lawn allergic fuck grass tolerate allergy pill like benadryl mixture grass pollen shit hard inside swell could suck make minute record maybe minute stay long scared honesty also make video tomorrow afternoon keep mind week deadset evidence trail draw creature soon post imgur well alright head outside edit okay well feel creep film first video inside decide front porch record everything fine notice small white light video could freak feel comfortable shortly post link post probably remove auto spam post link comment moderater edit reason first video make tonight upload upload morning wierd first video make upload first make tonight either asthma moment chill panicked well anyway know thought whatnot everyone tomorrow eighth edit edit thank post link stuff spam auto link video take last night video video later today film footage thankfully video ninth edit edit make quick simple quit shitty stay home today apply make nearly double monthly feel great last allergy badly feel sore weak grandad talk next door neighbor left apparently work fort knox something engineering something seem interesting think know alot obviously work government base anyway make video soon thank everyone check hard keep update edit rain entire make ninth edit last night around still consider ninth rain ever since yesterday afternoon everything quite flood thing anything abnormal anything still feeling night though anyway kind grow depression last mean roof head food really form communication friend college slowly fade away thank everyone keep still provide everyone resource everything disappoint tenth edit edit much today paranormal wise busy around house tend thing apply college start college december need idea keep suffer damn allergy really limit tomorrow afternoon record another video strangely enough anything lately neighbor still wierd like normal occurrence creature anything happen happen last week probably last edit anything think necessary keep everyone update however still gear everyone suggest still trail still draw picture thing still trap still everyone suggest think call quit event something happen though make last edit create entire post dedicate catch identify creature thing quiet quiet sure thing moon somehow active week thing notice think expect expect could tomorrow week even month youtube video unlike first everyone expect video link anyway thing quiet happy expect something happen soon everyone keep stick around open minded work health personal life moment need well shape need social consider break sort remember anything happen sure something expect hear soon,0.8918273448944092,0.14429577,0.7475315748944091
jvpynn,people moan shut middle pandemic,0.9057490229606628,0.15822013,0.7475288929606628
1jy34bg,sexte addiction people really people much sexte good addictive wanna know addict anyone wanna share experience,0.8552877902984619,0.115658075,0.7396297152984619
uib7uc,feel like uterus rant feel like safe space feel like uterus child light life everything life circumstance prevent second child right away lately second kind happen happen attitude give figure would somehow become pregnant would prenatal testing make sure everything good extent testing tell know test would monitor fetus health mine good would good would move forward would thrill want another child feel like take risk life effort pretty much guarantee bring another life world take risk something wrong risk child already lose remove possibility pregnant want want want another child risky understand understand repercussion action fucking country,0.9250739812850952,0.18554166,0.7395323212850953
osv0el,question government money sorry title could wrong experience month move world country average salary really hurt chunk salary taxis world country expect well facility deal government organization resident permit national insurance number literally impossible talk human government helpline except resident permit post office london close manchester possible request post office bring resident permit near accord govt website since impossible talk human take leave office travel mile collect resident permit alright permit contain national insurance number request permit include nino apply permit process slow fashioned fill form online print fill manually take black white photocopy exist permit passport wrap envelope mail government office could fucking email wait week appointment physically nino approve anyways everything post envelope give address week pass track post enquire like well look like royal mail lose package form fill want initiate investigation fuck serious fuck common royal mail lose package british friend tell super unlucky another colleague tell also package contain drive license lose royal mail month wait like week hear royal mail lose package thos could email sorry venting still everything give opportunity provide good future could dream,0.8345939517021179,0.09915545,0.7354385017021179
fnnfja,teach lift beginning last summer name aaron live street grass every time finish exchange word school motorcycle garage tell story save wish luck give quick piece advice good decision ever make bike could keep girl yeah horns even know girlfriend would cool next week bike guess yard week next time early saturday morning show time begin lift garage usual exchange except time horns lift weight shaggy hair loose oversized shirt baggy jean chat tell exactly lift weight think athlete school lift really sport really know planet fitness time summer since free student kind mess around tell matter want someone show basic happy enthusiastic join garage next week show stronglift give copy start stength summer talk much strong feel like rock silly thing teenager even know girlfriend finally walk street time afterwards girlfriend nice face chunky unattractive dress baggy clothe every time walk hold hand around neighborhood rest summer fall would stop weekly would question thing lifting shit girl dump whatever knowledge know give keep lift week summer start notice noob gain summer show phat phul program fast forward last week year later send text still need grass year shoot text back know next week would right could come lift since close coronavirus tell would work aaron drive right time expect late mustang tell save year stand front blow fucking mind holy shit much weight gain horns know guess last summer show lift weight think weigh look lift together update life since last summer last girlfriend dump stupid teenager reason upset first month start date girl time pick like together month talk lifting trade benchpress weight stop since last summer tell could never stop lift rest life love make feel notice dude respect also notice attention girl thank numerous time show rope tell wish someone start lift weight month feel like behind something blow fucking mind know horns like dunno care everyone else think make like girlfriend even like thing like whole different person like care think aaron kind like give fuck perk quick yeah exactly like give fuck proudly show bracelet girlfriend make kind yarn shit bead letter check horns spell chad tell coronavirus stuff blow welcome come lift anytime home busy open garage enough notice yesterday walk street girlfriend pretty last something noticeably different still shaggy hair wear solid form fitting neck shirt show bicep athletic jean take start lifting another give pointer figure shit without sidebar anything figure intersexual dynamic shit work know shit stfu lift figure work cool like every teenage like aaron fuck hard mean hard course envious figure take year realize guarantee question give truth shit could even finish post texte lift today course chad,0.9227508306503296,0.18744208,0.7353087506503295
iv7pkg,money karen teacher friday week exhausting season quite difficult manage weather parent teacher meeting last till drive back city live decide treat video game home head local video game multimedia seller pick mario game switch rich come video game usually count hobby come time cashier loud like every customer please give credit card hear someone behind line quite discreetly good hearing almost video game people find money come woman stroller another young next talk seem friend also stroller well karen reason much money spend enjoyement fuck trophy suck every penny make work post enjoy super mario drink beer tonight expensive food boyfriend life good,0.8160437345504761,0.08874765,0.7272960845504761
uxqfun,completely check traumatize date date second time hang together nsfw death meet tinder kick thing pretty quickly enthusiastic meet take birthday first date really well feel like something strangely night next couple week texte call everyday express stress school depression trauma relate issue feel overwhelmed loss wish could situation keep tell could always come away need finally find time come make dinner cuddle watch lord chaos great movie wholesome comforting night fall asleep hold joke around together good sleep ever someone care wake time water keep fall back asleep wake rapidly breathing think night terror dream hold hand cramp neck tilt back hold away pillow would suffocate concerned point something fucking wrong take three giant agonal breathe suddenly stop shake time wake realize happen head chest hear nothing scary fucking sound ever hear immediately call lift onto floor order chest compression show fucking damd keep head straight spin anxiety storm take constantly question medical history family info helpless barely know family spend hour living room floor pulse stumble outside take social medium find family member send multiple message emergency never response pulse rush hospital follow along stop apartment know happen touch emergency contact finally hold mother tell happen stick alone would give information family show fucking wreck point mother sister show explain situation invite family room decline take social worker hour later tell make know come keep expectation pain hear word still devastating family come hour later tell complete story express condolence happen fast feel like literal movie supportive loving thankful take care alone spend rest friend process happen drink blackout could return back apartment trauma wake friend couch time feel slow next three know short time emily every moment special never forget infectious laugh rest peace death want respectful beforehand lead heart attack morning really know date austin already goddamn dumpster fire loneliness time really hard time content still fresh since happen week could thankful mother sister supportive thank take time read story,0.9572483897209167,0.23523538,0.7220130097209168
1flluxr,think finally decide leave surgery love surgery since school always think surgery entire build around surgery conference course research always imagine surgical training training however ever feel train anything feel like pure service provision want take time teach anything know something fault come term wrap head around constant abuse know level compare level know good rare theatre scream abuse entire procedure surgeon arguably suppose people world handle stress good experience second tiny thing throw pram usually along line fuck idiot retarded monkey could well even pass school usually response drop blood camera laparoscopy stitch long perfect yesterday think last straw scrub consultant sick patient drape paint arrive name record name along line john purely male name laugh john name john woman name course send woman name woman turn breast surgery hold breast first incision fuck sake course woman name hold breast properly idiot virgin never touch breast entire procedure like stop abuse keep mind first time meet point turn student nurse theatre specialty interested reply know girl look second finish list walk email never work unfortunately although particularly common surgery sick year year year work crazy think deserve treat like part scrub nurse absolutely nothing whether even consultant leave sorry rant make question hard switch specialty always like paed iactually plan ultimately paediatric surgery consider either switch paediatric medicine leave altogether master data analytic genomic precision medicine industry advice,0.8565762639045715,0.13561769,0.7209585739045715
33qtd4,never show weakness side myth float around manosphere good alpha charming successful interesting smart funny important great leader fake pill alpha real alpha genuinely care bring make feel good perfect human real alpha often bear raise never need creepy internet cult like learn admirably human complete opposite everything evil piller teach aloof indifferent engage compassionate concern stonewall tease earnestly communicate stoic emotionless open honest emotion captivate make like even perfect human flaw mistake admit readily real actually never meet like hear time mostly woman many woman think date awesome month later usually tell turn asshole nobody ever seem wrong misjudge stupid horny pretend want always change somehow manipulate trick poor girl wrong worry already meet another time well last real paragraph cross finger somehow myth good alpha leak manosphere flat planet center universe woman live star rotate slowly become right among advocate path righteousness upstanding mensch leader among honest touch feeling still mistake admit weakness love woman earnestly care afraid take risk love long standard fall girl slap goal perfect combination attractive manly characteristic alpha supportive comfort building characteristic beta destine marriage find right woman everything need pill already aware even name blue pill deal woman enemy team exploit manipulate sometimes contrary want sometimes goal align least little almost feel like teammate want want want want sacrifice want make person necessarily woman enemy definitely side either friend confidant safe respite even wife girlfriend side either know woman watch jerry springer reality judge judy whatever fuck else dreg humanity read tabloid explain graphic detail celebrity royal family every fuck human people like weakness make feel well without make effort actually well woman feel access human side whether make angry make make horny make apologize admit something want reveal chink armor feel need look human know still good enough chink armor mean still control difficult misleading situation like feel make feel good even happy care want feel good happy want open little guard feel good accept validate pill figure something want accept hard part whole thing swallow affection thing attraction woman want fuck weak even like hell look around reddit reddit apparently single large bastion special snowflake world take woman word reddit chock full woman exceptionally high libido soak pantie every five minute think skinny back underachieving nerdy overemotional boyfriend barely keep sexually never meet woman like hear time mostly woman scroll third paragraph post might think want friend make friend friend want girlfriend eager please want fuck brain treat like friend want communicate real issue discuss idea discuss improve talk feel find friend admire want learn need lock door injure disabled cancer mental illness doctor hell join support group meet next woman care never show weakness trap make like make fuck,0.9442865252494812,0.22445217,0.7198343552494813
8uvmk7,option right phone hand palm sweating heart pumping mind racing make post asktrp text girl social medium respond something send ever need hell text girl respond long wait respond text anything require thinking planning regard texte chance option option know doubt guess level investment attention give chart point almost creepy clingy respond immediately text initiate conversation time always available worry respond escalation attempt logistic arrangement cooperative accept since mind almost impossible lose think phone vibrate make noise pick hope time wonder text long respond escalate shit either work take guesswork positively respond pretty much anything send within reason almost impossible wrong like kind super cheat code activate option know feel like legwork seem cold standoffish ration attention take forever respond text respond text brief point wishy washy communication answer send text worrying respond communicate feel like give root canal respond escalation attempt logistic ghost give vague wishy washy answer change subject like even mind therefore priority phone vibrate make noise pick hope option instead disappoint lead negative reinforcement mind since disappoint actually depreciate make difficult climb ladder become option night difference girl option think respond long wait frame already option figure option fail realize hole deeply hard something negotiate something simply texte option good thing withdraw know suck might feel like momentum trust communicate option piss subconcious mind option blatantly obvious easy mode easy mode really thing hurt option self depreciation typical beta behavior full player fine player much trust loss frame every single would self inflict option beta behavior self inflict much player self inflict loss frame since option thing frame loss frame would self inflict wrong otherwise really fucking matter reach long wait text chance initiating talking communicating even logistic arrange beta autist hard golden ticket fuck easy easy easy mode option nothing action talking literally screw point mallardcove option right become option like early withdraw repeat phone vibrate make ringtone pick excited dopamine rush hope option option disappointment wash brain begin associate disappointment time happens negative reinforcement kill value withdraw game woman find actually appreciate option trust option stress worry easy care free sound much pleasant stress bitch give fuck mallardcove want withdraw want drop scarcity mentality kill oneitis find option learn abundance know fuck listen withdraw forget keep backburner game woman send feeler text react chance still option either response wishy washy back backburner wait forget game woman keep mind point continue cycle sudden become option reach find reason limit success keyword limited backburner approach literally forget woman care game woman reach backburner woman give fuck either eventually give forget attempt backburner method high success rate success rate several extra date long problem fuck scarcity mentality oneitis understand core principle behind backburner method actually right destine fuck backburner method fucking work option girl pursue chef prepare dish dish backburner fuck stupid make sense mallardcove option mean right option absolutely woman oneitis like backburner backup needed invisible thing woman program focus woman evolve oneitis inherently beta feminine behavior evolve spread seed across several female woman give fuck option perfectly clear even string along make orbiter ljbf friendzone give fuck outside extract might attract unless option mallardcove number expect option right away right obviously stretch girl option right girl anywhere remotely attractive least dozen viable male option stable give moment find respond like know girl option right happen might need build rapport message exchange happen attractive enough strong enough frame everything write apply withdraw game woman backburner become option reach doubt whether option,0.9683170318603516,0.25084448,0.7174725518603515
pz5h53,dear reader hobbyist writer therapist general post anyone else ever happen like listen tend skew towards dark topic writing really dark topic sometimes scenario realistic keep reaction character realistic mean every blue moon comment someone help recontextualize trauma great happy problem write benefit help someone else glad however twitter unusual realm possibility consider leave open link twitter case people wanna something want public cool fine mind people know well respect person exactly write basically dump goddamn trauma really really uncomfortable shit like genuinly kinda fuck rest read part expect give advice talk like dude okay shit happen really shit happen writer random stranger internet know know really personal info drop equip deal whatever write dark heavy topic give invitation trauma dump therapist even friend know help maybe harsh true unfair expect random stranger never even talk help problem shit simple really need someone talk friend okay help shove onto first shmo happen write something agree like need really fuck record delete message since part feel guilty despite know something would make well,0.864696204662323,0.147767,0.716929204662323
n1smxe,panic attack drive pull road stay safe someone full speed texte driving total diagnose pretty panic attack life last night drive apartment first house last load house plant hobby mine reason still unsure start panic attack heart rate stomach drop feel woozy break cold sweat feel extremely anxious right onto highway pull side road hazard give time come panic attack call partner house tell panic attack work help ground calm call minute tell would call back feel good drive intensity attack come wave point gradually lessen less minute call someone full speed back lurch forward awful crunch plant dirt debris every throw forward seat belt catch road side hazard somehow swerve immediate injury terrify never hear scream like panic attack almost control replace absolute mayhem fear pure adrenaline come approach mine already phone police keep give license give insurance info tell wait phone police hand license take picture describe location operator take license drive without insurance speak great english think terrify know police come ambulance take vital pain neck back stomach tell police happen show license like give license insurance drive felony think right thing scared flee police catch turn front damage total back wheel completely tear back axel twist beyond repair many house plant shatter immediately leave half take impound enough room friend come pick love much save fucking life beside away break beyond repair beautiful house plant still fully cover insurance value able impound remainder plant belonging strike fucking cruel panic attack choose safely move road driver danger still total grateful still alive hospital scared mean anxiety move forward ptsd scared drive move forward,0.8373162746429443,0.123468354,0.7138479206429443
igf65m,dread contract scoreboard frame improvement many poster come worry much much dread instill skip everything fmofy speech even awhile chime dread level fundamental problem line thinking hand talk frame remove covert contract destroy scoreboard dread frame giant covert contract scoreboard create massive covert contract bite people problem dread start word dread imply cause feeling wife girlfriend feeling want towards immediately frame rationalize want expect feel something frame loss start intent level write figure intent pattern writeup show frame loss natural effect dread caveat covert contract level caveat offset conflict message covert contract extremely easy overlook ignore slippery slope establish whose frame dread really tumble slippery slope good kind first covert contract think well move fuck sure dread level imply fuck frame loss covert contract since fuck still week month year pull spreadsheet scoreboard head highlight fuck green head give rating starfish porn star clock since fuck frame loss covert contract scoreboard look dread level level sidebar stfu lift sound advice solve askmrp level create sound advice level live life want want cool sound good level begin condition availability wife behavior wife covert contract level dress well lead game pretty sound advice expect anything return level become wife fine tool toolbox level fear rejection talk people woman fine level back wife talk pretty woman front flirt woman front wife wake fuck level really covert contract hell writeup emphasis thing happen probably first lose shit accuse kind thing maintain frame amuse mastery finally wife respond important thing hope relationship second shortly home probably fuck passion honeymoon pure play dancing monkey thinking still nice mode fuck piss post piss negotiating desire extra step level start float idea least week base scoreboard walk level fmofy negotiate fuck leave cool ramp acceptable life support drip feed keep happy rape victim head level start sleep around tell wife show rambo dread rambo think dread together still nice covert contract mode wife respond piss like really piss whole level exercise ramboe whole level describe rambo dress well work seduce wife work seduce woman work seduce woman front fuck still fuck hell well fuck tell still fuck well sleep around nuke orbit tell angry want show think term dread wrong purposefully create overt dread wrong talk wife wrong thought back wrong happen dread work personal story follow level dread wife fuck congratu fuck lation still angry unhappy goal great love recommend make internally happy know follow point fucking regular month week celebration know still fuck miserable hard single goal talk huge covert contract scoreboard rationalize head covert contract certainly scoreboarding bull fucking shit piss want even valid bite tongue stfu time hold resentment spreadsheet scorecard head stuff dare reject nice something really really important happen stop care open whole goal boil live life want happy bring someone along life want wife move maybe would rambo maybe would know believe never would want never know fault make poor choice anti dread sure concept dread float around mind cause stupid shit maybe would write differently point come dangerously close excuse failure nine time someone reference dread covert contract mindset harmful lead dead dread fuck dread fuck level dread well fuck level dread fuck give fmofy speech fuck leave dread ultimate nice move instead become well become well work well butt hurt piss maybe different mindset help someone maybe link post good level great thing preach dread level take care physically dress well understand male female polarity create shit understand seduction talk friendly everyone instead dread self improvement level hell start become good woman fuck wife call save life want alternative view think paint thing want realm thing control instance satisfy life work towards become good happen like healthy lift look well particular woman wife happen expect particular person real happiness give fuck anyone exception care little fucker maybe much time single fuck close zero fuck rest unapologetically selfish want authentic authentic part take shedding hurt suck cupcake foot view process within frame start lift heavy care health look read sidebar know need information grow stfu know strong enough open mouth begin exit frame dress well care look talk everyone woman care think enjoyable flirt wife woman find enjoyable start live frame authentic fuck people think begin push frame world openly honest authentic close expect anything return care think manipulate world good ability want consequence cool authentic give time attention naturally women people life consequence busy live life take priority within tyred rule find place want along build abundance know start think else need work happy focus progression crazy level naturally high high attraction woman frame guarantee wife process find like wife find like wife want move matter change view world stay plan plan good luck careful planning shit discipline,0.9957588315010072,0.28548008,0.7102787515010072
94fknk,thing always happen adversity motivation succeed excuse self destruct everywhere around hard drink couch watch energy cook something stick diet plan good order pizza skip girlfriend dump probably fault quit self improvement take month depression vacation life know group people always available wallow misery self destructive people always find excuse behavior goal back burner lower standard every opportunity give sure scientific explanation stress lower inhibition create craving carb alcohol nicotine among dopamine binge watch television matter control action really want good life need create structure life fight effectively suppose work towards goal live like drug addict seek instant gratification cell body give exactly zero fuck excuse processing whatever shit decide feed feed protein vitamin grow muscle feed garbage build garbage body human body like need premium properly would explain upset drunk take piss tank fuck stupid stop make excuse thing body body break mind different stop feed garbage effect something pick choose neural pathway form reinforce without consent subconscious mind fuck indefinitely fully aware stop every time something shitty happen motivation become even strong give voice head little fuck today everyone understand earn dangerous part earn earn right mistreat back instead work education business whatever really want earn right couch crumb beard watch someone else live life remember earn three month accomplish goal remind okay people every street lack talent intelligence ambition local full regular dream goal assure still something happen excuse reward punish cheap high need kill pain instead face thing head time habit take think huge mistaken small choice separate loser average average winner series seemingly insignificant decision time sneak span year really fucking want want next level lifestyle life throw curve ball either opportunity rise occasion prove worthy want justification lose mean never enjoy life never take break point aware temptation decide make well choice long term good interest something show trouble spite problem instead another story,0.9639737010002136,0.25462922,0.7093444810002136
fxk6i4,final update wife almost completely stop take care toddler several month since last update situation leave life upswing wife start take medication parent offer help family back right track last post update october february wife find online move apartment warning work move thing bring back home work could even look explain happy never happy tell could full custody would send money also take court luckily work forgive enough give week figure everything mother move help avoid child care cost father visit weekend whenever meanwhile soon wife time life boyfriend coronavirus vacation hopping sure wild year post picture online happy together never smile much fund free lifestyle wonder thrilled child custody either classy hurt badly numb feel anything anymore every single sure depressed keep together parent rock feel terrible much help raise child year know point essential worker thankfully still employment blessing life aside never imagine life would fuck fuck matter month never come thank everyone give advice previously think anyone give advice want thought stay safe dadatwhitsend,0.8098360896110535,0.102626406,0.7072096836110535
1k7kg64,cancel membership sign membership planet fitness move apartment free building cancel membership tell come person location sign order cancel move state tell another option send hand write letter signature send never receive correctly format something wrong time eventually call furiously demand membership cancel finally agree continue charge call back charge reason member call bank tell block planet fitness ever charge tell order must show proof cancel membership today still member planet fitness spend month without step planet fitness year almost fuck planet fitness,0.827685534954071,0.123468354,0.704217180954071
136uurh,year later might long time lurker first time poster thank reading know long year step parenting disengage real riptide stage pretty much steer clear sweet girl adore support advocate brilliant lovely super quiet tricky open life last weekend sister place texte tell bunch stuff super upset want talk head complicated would talk home come home couch think friend always tricky school brother well start talk talk apparently reason quiet house make feel uncomfortable house feel negative invasive list back tell proud open make list together awful thing back three year crime include necklace make silversmithing class beautiful apparently terrible invasion privacy another list still smoke cigarette mostly vape stunned shock feel totally ambush super upset come upstairs cause think barf come charge stair upset upset reaction come back apologize ever make uncomfortable absolute antithesis sobbing room mine lose come tell loudly pack leave fucking crush necessarily fuck ouch could warn could call timeout upset could stuff think talk safe zero caretake feel unsafe alone stunned right stay friend really convinced need help daughter speak truth devastate nothing protect terrible standstill therapy imminent sure look want share know many understand devastation feeling like outsider feel like villain year take care know teenager batshit know easy target think ever forgive somehow come fuck repair live house second guess every word move already feel breathe thought today wonder would without stress step parenting hard think close finish line think make edit grateful everyone kindness concern feedback sorry lurk incredible community thankful support keep everyone update happen next safe alone home friend first therapy session next week also family therapist make beyond couple counsel bring next,0.8564053177833557,0.1537979,0.7026074177833557
wmyhy4,fridge lockbox destroy relationship friendly reminder original poster trigger warning threats abuse possible drug post throwraiwantmysnack relationship advice original post fridge lockbox destroy relationship background together five year live together relationship great truly joint account contribute monthly handle joint expense rent grocery everything else split work daily keep caloric intake fine except issue snack always half even normal food ingredient fine quickly accessible never argue apologize rinse repeat literally thing seriously aspect relationship respectful considerate snack anyway last week lose finish expensive cheese really look forward hour lose shit speak order fridge lockbox next snack couple later divide snack half lock mine lockbox reaction think murder puppy disrespectful controlling dare keep food remind money scream give fuck leave slam door hard picture fall wall break come back next change work leave immediately come home late straight guest room four break last night please talk nothing lockbox honestly completely appalled reaction genuinely worried might drug mental break something irrationally ever grown react ignore randomly lockbox lockbox suppose renew lease next week consider loss leave relationship even worth salvage anything solve refuse communicate unless lockbox happen update post hour fridge lockbox destroy relationship know anyone want update happen boyfriend keep stay late refuse talk talk boyfriend lockbox mention think lockbox real issue brick wall insist abusive control deny food keep push drug cheating flip something small stay hour suspicious hell think lockbox excuse house something unleash hour long scream tantrum ultimately result throw macbook wall shatter honestly really think hurt yeah call call want legality press charge destruction property laptop godfather move yesterday look place except clothe couple kitchen appliance leave lockbox take snack fuck leave lock spamme block feel like need evidence case behavior escalate texte first night take photo everything begin rant rage still lockbox stuff gift back tell money rent place idea would never even drive current macbook worthless would last year brand hour guess realize actually break could bitch anymore come paragraph marry love want well keep gift well macbook freak take picture start send screenshot google search engagement ring tell pick also send couple voice message respect person completely want nothing care breakdown something problem screenshotte message forward mother deal ever okay saving take full rent place well deposit much weird week feel like like lose respect feel anything disdain parent favorite comfort snack super supportive gently push therapy think probably good idea start search settle place marking conclude relationship life beginning,0.9574785232543944,0.2553839,0.7020946232543944
fauaps,roman theeyeofthetigger,0.7719849348068237,0.07212844,0.6998564948068238
hrkhpz,blow meme,0.9523657560348512,0.25462922,0.6977365360348512
e4rjsn,china want canada shut exactly,0.8085845708847046,0.11161,0.6969745708847046
v967yo,parent punish smoke weed,0.8909860849380493,0.19599396,0.6949921249380493
1gfux3i,dude happen ashish bhai itna kaise change gaya surgery ozempic confused anyone transform seem damn fishy,0.8560501337051392,0.16331999,0.6927301437051392
64mvgf,important part game emotionally invest hate people oversimplify pick boil pick principle every understand woman must emotionally invest every stage relationship call iron seduction understanding correctly apply solve problem woman responsive advance emotionally invest enough return call emotionally invest enough flake emotionally invest enough flipside emotionally divest girl solve problem outcome dependent emotionally invest approach anxiety emotionally invest success interaction neediness desperation emotionally invest girl suck conversation emotionally invest regular conversation emotional investment subconsciously communicate woman evolve sense talk girl night without feeling like emotionally invest another talk second auto reject invest course woman talk hang fuck even date long time emotionally invest horny crazy lonely desperate drunk bored want something emotionally invest thin vulnerable time flake cold emotional investment emotional investment occupy thought emotion interested like somebody like people feel anything would hurt feeling reject even distinction woman flake woman like interested give number least little emotionally invest motivate make come somewhere meet unlike woman invite shit time like care meet unless emotional investment think emotional investment like like probably like lamborghini like probably probably spend think lamborghini lend lamborghini month drive around take care show friend would take back irrational would emotionally invest lambo even never become attach give sense identity power lambo take space thought emotion make emotionally invest emotional investment people similar around somebody awesome feel like belong become addictive like crack awesome make woman feel special loved important powerful cool awesome also positive confident carefree dominant ease woman anxiety insecurity around awesome literally like drug woman around long enough become hooked franklin theory franklin america found father great poonhound famously counterintuitively discover person something person person like person people would assume opposite want people like thing person like person right wrong person like person person become emotionally invest maybe person subconsciously expect person something nice back maybe person subconsciously beneath person hierarchy maybe person protect person must somebody special even something maybe simple something person cause person enter person thought emotion whatever psychological mechanism woman really like want stuff sometimes even aggressively want emotionally invest fantasize thing woman really like realize needy supplicate validate behavior necessary friend stripper basically hustle money trick shit girl thing ever never ever visit friend work notice stripper start like shit clean house favor night even argument stripper drink would drink return emotional investment woujo theory accord corollary franklin theory supplicate woman validate woman woman thing follow woman around allow woman treat like shit spend much time help woman deserve subconsciously cause become emotionally invest feel beneath sometimes loserish thing like girl treat badly repeatedly pursue girl care justify really care want fuck idea even though consciously think give fuck pursue become emotionally invest allow treat like shit subconsciously wire brain feel like beta male even give fuck control feel control action feeling follow feeling thought follow loser thing eventually feel like loser even consciously tell give fuck girl strike faustian bargain fuck return treat like shit must reject deal respect mental health brain work make connection focus thought emotion something brain start connect thing thing brain thing become enmesh wiring create deep hard untangle example date really girl brain start associate sexual pleasure time thing like dump think constantly definition give fuck keep positive thought emotion head people place activity thought medium negative give fuck cold aloof asshole stupid file thought emotion positive thing deserve emotional investment unattractive emotional investment immediate turn matter guess reason first emotional investment unattractive people attract life interesting exciting high well assume somebody live well life think feel awesome life woman know occupy thought emotion assume life suck want fixate thought emotion something high thought emotion fixate back start example girl play soccer attract well soccer appeal part thought emotion invest soccer never become emotionally invest soccer invest reason play disadvantage second emotional investment unattractive simply emotion scary society like love emotion true self emotion bullshit value rational learn life know strive achieve clear headed emotion temporary fleeting true love rational credible commitment beloved well dialogue phaedrus greek philosopher plato emotional love kind madness thing well irrationally nice person proportion deserve thing badly irrationally nasty person proportion deserve woman know irrationally nice eventually irrationally shitty emotion selfish irrational unrealistic uncontrollable oftentime downright evil emotion fundamentally needy always want something even want help somebody beautiful woman think like want make happy nice thing want thing want fuck boost friend make feel well good person want happy another want unhappy show emotion woman subconsciously know want something pressure away woman sometimes hang like attract emotionally invest pressure become extremely emotional fantasize beloved back hurt wrong stalk weird feel depressed function love song glorify feeling healthy feeling sign weakness woman feeling thing oftentime much deeply know scary sense even second feel thing even slightly begin feel thing away immediately woman want emotional rock want lifeguard edge pool pull somebody drown woman also take long emotionally invest take emotionally invest woman evolve seek fertile woman healthy face impregnate soon possible woman hand evolve find strong tribe could protect baby seek large group trait many long term trait confidence dominance emotional stability intelligence take woman time figure trait immediately attract girl every woman relationship period time emotionally invest woman still rational feel many fuck start creepy weird overly nice overly fixate woman feel nothing think isweird course emotion part life beautiful channel correctly show emotion woman also develop emotion third emotional investment make stupid vitality awesomeness interesting smart funny cool successful become vacant shell normal self around woman partly thought emotion empty everything make awesome deep game chess conversation quantum physics sound stupid thought emotion full chess seduction require intelligence creativity thought emotion durr pretty woman fail woman rational long want rational intelligent conversation interesting shit another reason power fact life human wire look relationship power term subconsciously rank everybody particular social situation least powerful woman much aware power dynamic generally less powerful unfortunately subconsciously emotional people power hierarchy german philosopher friedrich nietzsche correctly opinion individual high social hierarchy feel emotion people rank evolve obey obsess alpha male need protection resource alpha male feel nothing rank need anything importantly woman attract emotionally invest woman attract resilience resilience mean ability confidently pursue goal anything anybody perturb woman attract resilience naturally want protector protector commitment credible throw mission whatever mission protector become emotional dishonest distracted submissive long trust protect subconsciously emotional people weak easily control emotional girl likely agree whatever away behavior protector waver even second woman become anxious fearful confident boundary scared throw mission must brick wall move affect approach escalate purely base desire cajole every moment think want impress sometimes need monitor emotional investment moment moment basis subconscious communication woman quickly sense body language word demeanor tone voice action whether emotionally invest neither consciously know invest feel unattractive sometimes subtle change behavior stare long question intrusive early invest gravity theory gauge emotional investment social setting high value people therefore draw value people look party girl usually center relax literally surround like planet around reason call orbiter girl leave play cool follow ultimate goal become center gravity woman draw vice versa hard must approach even approach demeanor body language exude message center gravity create space time compel come subconscious subtext interaction example sentence drink wide range subconscious meaning depend tone body language context emotion deliver drink mean want fuck feel like something want back generous like people free thing good friend want show appreciation loser want make like thing matter superficial word subconscious context seduction mostly subconscious teach every detail walk speak style body language demeanor emotionally invest even much remember process even doubt efficacy write article incredibly hard fake emotional state long period time people back behave like feel paradox escalation sound like right solution girl would ignore completely look emotionally invest right unfortunately work responsibility approach escalate woman emotionally invest quickly afraid rejection girl attract must show least initial interest escalate lure become emotionally invest magician technique call force trick person think pick random card deck person really pick card magician want pick seduction similar feel like pick vice versa open door challenge seduction seduce woman appear emotionally invest incredibly challenging first woman aversion emotional investment mostly subconscious consciously woman want show least interest naturally hard hang around woman like long period time become invest least degree beautiful woman create reality distortion field lose concept rationality truth normal standard right wrong overthinke woman touch strong emotion many literally forget beautiful woman walk nightclub swarm otherwise successful rational manly immediately lose fucking mind start approval thing stupid like early emotionally invest quick woman must patient emotion push jump right lovey dovey mode romantic contexts people become emotionally invest rate person feel interaction well feel emotionally invest somebody naturally want elicit positive emotional response make woman happy emotionally invest come validation seeking supplicate bitch behavior must instead right woman seem cold think warm nice really pursue mission faith emotionally invest even though appear surface attract care remember woman constantly size even look like attract attention seduction gamble must faith eventually woman start emotionally invest know might sometimes like sometimes want attention sometimes love woman damage never emotionally invest anybody object must assume attraction know emotionally invest take away thing article woman invest must occupy part thought emotion must mind heart thing interact woman period make room head heart make space head heart make change right promise result instantly improve woman dessert good life main course woman feel talk woman want dessert main step become emotionally invest realize need emotionally invest interesting awesome life occupy thought emotion abundance mentality respect woman boundary unperturbable focus first realize need emotionally invest important step think emotionally invest girl society culture subconsciously make think girl must supplicate emotionally invest movie confident successful live life never girl instead winner beta loser fall love afar spend rest movie endure multiple rejection humiliation movie also teach woman delicate flower need constant coddling lovey dovey bullshit work real world also misunderstand woman aversion rejection woman strong need accept beta therefore much sensitive rejection phrase hell hath fury like woman scorn true dread game ignore woman work ignore first outright reject make move acceptance feel like ignore strong chance emotionally invest woman strong need constant acceptance validation mistakenly think must emotionally invest really need reject make feel exclude thin line keep woman accept emotionally invest game something woman woman would want drink think whether would drink would want wait think whether would wait would girl always never stop know relationship easy society emotion team make feel like need follow girl around wait bullshit drink must fight feelingss social training faith stay course woman become attract require ability woman different reject ability walk away even permanently interesting awesome life occupy thought emotion human wire seek good feeling main part life make happy school hobby good feeling source drug trashy woman food thing regular life make happy overly emotionally invest thing become addicted depressed life miserable subconsciously unknowingly immediately start overly invest woman cheese pizza method whenever feel like emotional fill thought emotion something love cheese pizza oreo cheesecake mushroom beach read dinosaur stone clear head allow normal around woman think something girl dislodge cheese pizza heart mind replace cheese pizza anything ideally incredible thrill life would want join abundance mentality respect girl matter awesome life hard emotionally invest girl abundance mentality thought emotion full woman need girl girl need delude recall time abundance back mental space never abundance imagine brad pitt celebrity think would feel boundary unperturbable woman want immovable wall confidently joyfully pursue mission perturb mission want fail want test whether actually brick wall facade something soft knock desk furniture store real wood woman shit test actually confident enough pursue mission perturb confident immovable strong shit test become true even mission long need escalate already know mission maximum sense emotional investment party next thing plan entire night woman hijack plan take lead primary mission career hobby also head remember song girl wanna truth everybody want wrack anxiety impress girl whenever feel nervous scared anxious like emotionally invest much girl contribute great dismiss positivity always example beautiful woman talk something incredibly boring pretend interested wrong woman know boring sometimes subtle shit test away woman desperate need hang around boring stupid mean respect empathize would bullshit woman boring lose vision good life good life involve beautiful woman also involve interesting conversation interesting conversation would leave option whenever woman boring change subject know tolerate bullshit vision good life boundary confidence life thought emotion interesting valuable challenge stimulate woman woman want help grow introduce well life interesting world currently inhabit want agree everything pushover simple minded conformist woman want willing walk away time cold hearted psychopath show willing walk away time challenge growth course difficult many unintereste life beautiful woman would instantly become interesting important thing life starve desperate care woman boring mean uninterested whatever focus first imagine spend week leonardo dicaprio whatever celebrity think live awesome life leonardo tell would know option anything plan would piss want become part awesome life make plan girl feel plan want join life lead around life need focus first like rude selfish woman attracted lead destination necessarily make emotionally invest woman emotionally invest certain shit must happen must like must find pleasant friendly good look compatible value interest must feel emotional connection must feel accept reject ignore hostile emotionally invest must watch confident resilient need spend time around must like self explanatory woman usually invest share interest value goal girl want rapper cover tattoo want nerdy watch star versatile interest woman like people compatible must feel emotional connection develop emotional connection girl experience emotionally exciting thing together ultimate course passionate good concert deep conversation even beer pong game play together help build emotional connection another build emotional connection vicariously experience confidence want emotional rock would like project insecurity fear onto watch brush nothing also want watch take lead make night woman emotional energy energy must direct towards something somebody want energy direct easy spend time around around help build attraction long fuck needy make feel good woman like force around work group hangout supplicate validate friend take girl boat girl would usually like would spend together celebrity much tang woman watch movie listen music become emotionally invest whereas celebrity show woman emotional investment must feel accept hell hath fury like woman scorn must feel like door open invest must escalate fuck asshole sensitive emotion read advance correctly must watch confidently pursue goal word confidence come latin fiden faith confidence faith succeed whatever stop anybody woman turn watch confidently pursue mission woman attract promoter drug dealer club exactly cream society people club actually something drool girl instantly reduce attractiveness together apply knowledge strategy adopt rational almost businesslike demeanor least early stage interaction early woman rational beginning emotionally invest also rational must almost like woman interested relationship maybe even high standard must evaluate woman thoroughly first make sure suitable emotionally invest like action guide seduction computer make decision base available information emotion technique call disintereste interest rational word show interest enthusiasm must communicate emotion talk nice totally emotionally invest could walk away moment good keep thought emotion focus something else however stay completely rational must allow show emotion thing passion interest friend show emotion towards deserve laugh something funny thank something nice sympathize something feel emotional unconnected anything course escalate sexually paradoxically possible escalate sexually appear emotionally invest fact woman especially damage look emotionless must touch must turn conversation sexual must seductive thing like look whisper must confidently take lead conversation situation general lead place place intimate start emotionally invest make feel like might emotionally invest much sometimes play cool think like platonically lose interest broad view article obviously girl principle applicable area life simply invest thought emotion people place institution activity give fuck produce return equal investment mistake people make invest much friendship hobby additionally whatever become emotional investment spend every weekend hang piece shit people drug complain make decision guess become piece shit person follow twitter website,0.8919442296028137,0.20102765,0.6909165796028137
mlq652,shut library place worship,0.8457539677619934,0.15545623,0.6902977377619934
156jz8j,roscoe recap star episode week guest heart denali batty davis break scooter accident hospital surgery could attend view party naysha lopez every queen invite guest roscoe everyone season want person decline entirely queen decline monica jayme naysha speculate monica decline speak season eliminate first sound naysha jaymes decline decide attend view party season feud stick middle finger camera naysha lopez natural habitat eliminate naysha fight production queen time film fame game production expect queen free jimbo wanna know bring international bitch american season give production example music would usually perform inspiration leland create finale song song jimbo hand production milkshake kelis relevant later recap naysha reason kandy choose eliminate jessica jimbo kandy know could outperform jimbo performance challenge know ahead time naysha opinion really decide factor kandy hotel room production give queen access different like netflix hulu code queen choose want next time production member visit kandy figure code share queen mean everyone could watch porn youtube anytime want queen snitch tell production kandy resource cheat challenge lead change code everyone naysha think snitch heidi right runway episode heartwarming scene queen hold hand workroom naysha production instruct kahanna lead moment film time story behind darienne finale runway naysha remember know darienne mean wear something else naysha finale runway step gown continental crown brooke lynn hytes time wear call performance trash naysha steal white robe group performance number production keep track wear robe instantly know naysha robe miss give back naysha production make kandy refilm finale number naysha theory production want mess could edit kandy slay everytime production even kandy film take kandy smart enough refuse however take kandy slip hurt ankle confessional producer talk slip hurt ankle kandy talk deny everything make sure could naysha bring executive producer mandy person mention last week fight kahanna talent show rehearsal season long queen prepare wanna funk final lipsync song last minute mandy tell change song milkshake kelis mention early song jimbo give production example usually perform kandy know scream production home call mother call mother right fuck show fuck everyone wanna crown jimbo fuck crown jimbo finale give phone naysha soon kandy threaten leave mandy somehow make mistake apologise change song back denali first time mandy seem like blood queen context mandy producer version drag race since season denali mandy salangsang naysha confirm every eliminate queen film fame game naysha crowning awkward know would time queen think jessica long crowning speech naysha audience prefer elim elim star room evenly split heart film episode amazon show walk dolly parton guest audience member start question jews denali always heart want bring back santino rice white lady michelle naysha drag union happen denali conversation happen link week roscoe view party youtube previous roscoe recap,0.7912700772285461,0.104795754,0.6864743232285462
8pm17w,meet girl library english brunette small cute pretty face exam time everyone pull nighter stay late computer room pretty empty keep glance study thing study like actually reddit play kind mobile walk cute hell approach anxiety even register anymore soon light knock coffee computer keyboard study together take module answer exam question flirt quite heavily decide head late cute smiley seem enjoy like something live hall close live away decide walk back hall know happy walk night brag mensa like whowh girl front gate head home want pass sure thing study together give number eagerly skip later wake around headache taste throat pull nighter exam recovery sleep seem deep next oops make sleep debt guess first thing drink water take piss brush damn tooth check phone message girl shit yeah hang today suppose meet check time shit ready late long make wait well directly correlate attractiveness girl case long move house anticipate maybe possibly potentially hopefully fuck girl bring back shithole begin clean house smoke beer food wrapper trading card soon substantial rubbish stink flat trusty slipper door latch head downstairs head main downstairs door deposit rubbish attempt enter front door lock first thing buzz neighbour need panic downstairs front door lock door flat latch need buzz access answer neighbour cute asian girl live across european couple whenever bring screamer match pretty actually poor asian girl though anyway answer neither couple well fuck probably work course real adult real sleep study weigh option variable library girl quite literally clothe sleep luckily entail thick hoodie sweat save money heating pyjama slipper course however phone wallet current enter house consider scale building climber parkour maniac think stupid enough leave window open fuck realise date happen stuck outside completely technologically naked contact anyone miss phone anxiety begin creep flake girl damn idiot lock flat silent flake harsh well probably like anyway decide smart thing wait neighbour back probably like right normal people finish normal right well guess kill time year woulda stress situation like really stupidly anxious read solzhenitsyn deal pretty funny actually make wonder high street slipper look people street probably look like mess unshowered unshaven sweat reflection shop window whole wake head grizzle college stoner look marvel time attractive thank lift slipper flop pavement probably last walk around well remember slipper week store spot immediately feel ethereal feeling like important somehow need slipper damn call interesting know morphic resonance maybe good slipper marketing bench river watch water cold feel naked unplugged first time actually feel good phone money internet connection dopamine induce distraction alone thought cold sudden weight lift head feel like would take small dose something free realise cherish past time suppose meet girl real tell meditate feel good face people watch park begin list place visit plan spend next hour neighbour back walk highstreet find think extinct specie store internet cafe oasis shit pass tourniquet access pakistani desk slipper lock money computer please look number thank facebook notice message play cool nice scroll reddit meme idea google number estate agent spare right paki phone call lady side seem happy shit could help plan foil wait neighbour scroll hambeast next watch african music video breathe loudly mouth scroll back watch second whole time finally girl nice still play cool make wait come sorry start think know immediately want along ride could come though wait long time message name near train station though tell surprise obviously much bear texte come work maybe hook already maybe adventurous option great really plan happen next though care make along without phone wallet entirely free drift responsibility feel amazing frankly feel like play outside summer suddenly excited arrive station slipper give goofy smile could know immediately lock laugh tell story walk around town self conscious breath might fact actually anything also thankful brush tooth soon wake really think game analyse anything hyperfocus action kinda completely moment around town play like girl follow around help shit test anything bitchy like make easy happily bounce along like sidekick well flat neighbour still obviously doorstep want study study doorstep wait home anytime smile back idea long till neighbour back wait whole time know like great feeling pretty girl genuinely want company chat quiz metabolic pathway decide wander climb tree talk family feel like hang middle school girlfriend school eventually spot mcdonald breakfast hour fuck lose gain know wallet right chicken nugget sharebox sprite blow straw packet cream wonder park cold head sport department store check cool bike skiing climbing gear tell take bouldere time leave reveal steal tennis ball becuase stealing scold keep bounce ball back laugh play catch throw shit cute whole time everything feel right like friend adventure together supermarket hungry dark chocolate tangerine pickle want salt pistachio mention pistachio expensive time though security guard follow around good reason still traipse around slipper muddy begin fall apart probably look like drug mentally head nugget leave guard scuse would steal pickle mate wave receipt give stacey disgust sneer sadly receiving astounding watch pretty girl face morph ultimate bitch putdown mode probably beta life ever know experience cute dorky side love leave supermarket reveal actually steal pistachio hide purse proud squeeze meal park meal together grass give tennis ball steal food attempt neighbour still nothing like start begin cold afraid girl bored also neighbour might away ever wanna call locksmith soon late decide take place town take paki cool computer browse meme together hambeast still literally thing tell rick morty really like rick morty pretend cool anyway show reddit really tell inside spend next hour argue conspiracy theory make journey check neighbour meantime slipper break flap point fucking almost home really want lame expensive option locksmith increasingly likely neighbour away hear bang everytime back cafe slouch scroll instagram leave dark cafe dingy yellow light grimeyness pretty bored girl ambience look like damn hopper painting snapshot remain imprinted mind really nice tell stop home late feel want tuck nice warm sweet break realise neighbour probably come back tonight luck providence lock today decide last resort call locksmith girl phone grumpy also shit tomorrow door lock much long lady side reasonable mins sure first girl broke need locksmith sure okay please come immediately tell lady leave attempt give internet cafe money gesture thank seem invest asian show watch anyway withdraw cash return doorstep wait locksmith seem locksmith drug dealer common always seem minute girl start yawn begin shiver cold cuddle call basically shout lady phone hurry also give discount enough want feel angry whole situation catch know stupid wanna break frame front girl finally arrive think simple affair nope life easy final boss show oddly eyefucke pretty girl need open show front door latch lock need pick whatever actually idea locksmith operate sure million time give well look like drill sound expensive drill nothing else remove lock install mean shit yeah afraid wanna bother neighbour idiot sure happen time drill seem pretty sure dude tense realise neither willing back girl feel animosity seem know place anything frame battle continue weigh option need want could locksmith mean another probably maybe another scumbag fuck want inside think back first lesson learn stumble across subreddit great power ability walk away smile okay dude cool inconvenience neighbour figure tomorrow girl back place tonight surprised sure course cool sort sorry dude broke student know haha panic lost sale realise bluff give opening truth actually want damn door open must always give opening backtrack help save face could give last look though make sure know mate something rummage fucking course mate something mate bastard grab long hook claw thingy feed letter open door second flat wanna bash fucking head mostly glad finally inside warm also victory taste sweet absolutely fuck blame much people weak agreeable probably fall fucking time still asshole business hand cash give back note give worth work mate flash anger round your boss give late tell anything well pause moment still hold money feel girl anxious inside silence make tension piss whether tell still discount late smile good shit smirk lady must like okay must joke anger cool shrewd sharp chill realise fuck know exactly cash least make sperg break frame front girl petty effective allow hard give smile pound babe upstairs grab pound loose change feel great back home also clean fabreeze probably leave downstairs alone asshole back cucke coin straight palm okay seem pleased leave upstairs radiator glass water stare bathroom mirror dissipate anger great asshole ruin realise think actually smash significant confrontation would fail miserably year kind shit train never shit manage pick woman honestly much place teach hold frame power talk navigate confrontation like beforehand would agreeable pussy bend fuck great disconnected responsibility exam social medium free anxiety could flow moment mess around cute girl like never even speak girl pussie pivotal moment library would never happen always approach never know story girl pussye kill story even start regret always rejection think give shiver proud smile mirror like fucking psycho scare realise smile proud want deal enter living room take coat shoe look warmly nice place thank immediately eagerly begin remove clothe epilogue next morning cook breakfast head chef like nurse hand scalpel shit boss around follow instruction afterwards walk high street withdraw money rack yesterday back immediately kiss station feel pretty darn great basically skip home jump take time process thing finally alone whole yesterday amazing learn much take damn disconnection life consider trash phone brick could make leap probably good fucking idea know zuck listen everything avoid list many already think girl lovely sweet around like energise support give life exuberance missing suddenly really want feel first hint itis settle nice feminine smart loyal whole girl next door would never cheat vibe couple would great origin story tell people wonder would look like settle facebook look picture miss pretty click profile demure innocent make look smart instantly relationship hope expect awalt subreddit link profile,0.9705663919448853,0.28425202,0.6863143719448852
12yp6fs,really want woman face,0.9154367446899414,0.23090743,0.6845293146899414
6xnyqh,action start browse back think theory interesting make mental note lookout confirmation daily life find three month alpha first admit active successful come straight piss contest generally lose sheer confidence aggression never likely never indirect confrontation tend thrive promote year less inventory datum analysis employer global operation essentially stand operation specifically come inventory management analytic anywhere outside home office mean hong kong germany oceania small outfit inventory program answer always inventory analytic product category domestic market everything really well bring germany hong kong rest global inventory order shit show everything fine tough make people value create home office number much people work number living four month find hire analyst focus tail totally blindside even know interview make problematic forecasting tail whoever come least partially absorb responsibility still world shit work transition global role actually meet total fucking chad tall incredibly sexy build cool collect name immediately threaten force reserve judgment tendency snap judge people coworker another analyst tell despise second meet even caution wait judge know suck three week even know navigate forecasting system properly start talk elevate forecasting word elevate start forecast change familiar analyst change analyst forecast akin table another carpenter make essentially tell think good well fuck right coworker perhaps people company understand statistic fundamental level look forecast adjustment make item glance immediately know fucking idiot problem present well alpha everyone else love buddy buddy almost immediately good talk sportsball every woman department save friend throw think rational people nope second show weak knee forget immediately friend tell talk shit know super tight drink like every weekend recently become business partner side venture grandson christening obvious bitch unfortunate pretty look talk wife anyone would listen care know even mean bread line start logic knowledge statistic explain meeting idea wrong fucking mistake interrupt make stupid joke expense everyone laugh particularly woman understand statistic number moron number explain need matter correct right would make look like nerd fail spectacularly publicly could blame anybody else stop review forecast know would cause stock large customer vacation time three week three month advance know almost exactly would stock unlike actually good france half glorious week attract sight around marseille know clock tick thursday explode stock thirteen large moving item customer call complain shit change forecast chad matter analyst sick sudden inexplicable illness actually flag believe give head guess call nerd laugh back early vacation chad mess ticket schedule another four fuck guess company back expense need today first class seat available short notice pricey need vacation time come like hell make huge show stay late mess point finger name forecast adjustment meekly offer help point think help enough already home night send owner company email detailing dollar cent much fuck cost next week talk wife wife wife know care fucking nobody smile wish luck away desk quickly could woman include typical right woman avoid injure male damage good still give bonus effort plus compensate vacation time turn totally price another person case price hair grand sense chad thank fire help fund retirement slightly soon keep vodka blow chad teach valuable lesson tolerate second someone move turf trust people rational teach chad valuable lesson money talk stupid cunt welcome jungle hope wife snap fuck camaro ride absolutely hook line sinker never think people department friend think least trust judgment person value person also living basically good friend count second alpha show chop liver great lesson around,0.9377959370613098,0.25462922,0.6831667170613098
w2pe9j,invite entire family honeymoon entitle grandparent demand villa book husband sweet malicious compliance post norajean year boru want share delicious piece malicious compliance receive much attention original post alohaboba july wibta give honey moon villa grandparent family asian husband side white husband marry treat side family side week expense vacation bora bora family honeymoon real able rent half side bungalow villa section husband take villa bungalow foot bedroom option king queen bathroom door space type deal make sure everyone accommodate everyone comfortable living situation villa bedroom bath include sauna living room grand door space outdoor bath pool slide ocean even make whole hour fight already break dinner cousin mention want come slide grandparent talk picture room well villa demand trade room elder make slave live peasant grandchild nicer room bora bora talk live peasant villa available section give grandparent think would offensive husband grandparent would give grandparent ourself unfortunately mention still demand villa obviously object feel though husband room vacation family celebrate marriage plus entire trip would back grateful free vacation instead complain grandparent freak hold money head disrespectful follow order storm threaten take first flight tomorrow morning leave side family tell give room respectful bring peace family husband side think grandparent shit crazy agree ridiculous want side family together know fall apart think asshole night think wether squash invite grandparent stay villa order leave another part want tell fuck make honey moon like everything else reddit wibta deny give villa judgement comment fellow asian hold ground give open nonsense grandparent parent rest life next thing vacation take along treat well house nice shift live sake sanity rest life hold ground provide update original post update even though really want petty tell fuck decide well kill kindness little work decide spin around disrespectful breakfast grandparent refuse show everyone call nope come cause disrespectful granddaughter persuade even send baby cousin room soften finally decide come make first conversation look flight leave could forward paystub cell look kick make sure know kick understand want leave offer send staff room pack belonging could little time explore complimentary room massage come bungalow kind stop look shock every time threaten anywhere family always baby leave offer money extravagant gift stay well flight back home already enough accommodate honeymoon vacation grandparent even plan home scare stay call bluff breakfast find flight leave around walk main desk cancel reservation room rest trip send staff help pack also complimentary massage resort offer night stay long staff come help pack leave half hour currently villa stress dinner uncle come marry family confide sick tired entitlement grandparent since glad someone bear family decide speak cousin come honestly could care less grandparent word kill vibe everyone happy right slide clean dinner happy able stand grandparent without blatantly disrespectful overflow message comment back however main question profession usual asian route actually drop last year college start fashion line take couple year take surprisingly rocket year also entrepreneur look glad inspiration pave give dream reminder,0.8182456493377686,0.1373533,0.6808923493377685
1ijwupf,want american woman,0.7666388154029846,0.08637348,0.6802653354029846
